step,vehicle_count,avg_speed,total_waiting_time,stopped_vehicles,congestion_label,current_congestion,future_congestion
0,1,0.0,0.0,1,Low,High,High
1,1,1.43,0.0,0,Low,High,High
2,1,3.45,0.0,0,Low,High,High
3,2,2.64,0.0,1,Low,High,Medium
4,2,3.05,0.0,0,Low,High,Medium
5,2,2.05,0.0,0,Low,High,Medium
6,3,2.32,0.0,1,Low,High,Medium
7,3,4.59,0.0,0,Low,High,Medium
8,3,6.81,0.0,0,Low,Medium,Medium
9,4,6.07,0.0,1,Low,Medium,Medium
10,4,7.44,0.0,0,Low,Medium,Medium
11,4,7.75,0.0,0,Low,Medium,Medium
12,5,6.31,0.0,1,Low,Medium,Medium
13,5,7.98,0.0,0,Low,Medium,Medium
14,4,9.38,0.0,0,Low,Medium,Medium
15,3,11.87,1.0,1,Low,Medium,Medium
16,4,10.26,0.0,1,Low,Medium,Medium
17,4,11.01,1.0,1,Low,Medium,Medium
18,4,12.77,0.0,0,Low,Medium,Medium
19,4,13.54,0.0,0,Low,Medium,Medium
20,5,10.93,0.0,1,Low,Medium,Medium
21,6,9.5,0.0,1,Low,Medium,Medium
22,6,9.6,0.0,0,Low,Medium,Medium
23,5,6.6,0.0,0,Low,Medium,Medium
24,6,5.43,0.0,1,Low,Medium,Medium
25,6,6.73,0.0,0,Low,Medium,Medium
26,6,7.32,0.0,0,Low,Medium,Medium
27,7,5.53,0.0,1,Low,Medium,Medium
28,6,5.88,0.0,0,Low,Medium,High
29,6,6.82,1.0,1,Low,Medium,High
30,7,6.57,0.0,1,Low,Medium,Medium
31,6,6.29,1.0,1,Low,Medium,Medium
32,6,5.17,2.0,1,Low,Medium,Medium
33,7,4.1,4.0,3,Low,High,Medium
34,7,4.42,7.0,3,Low,High,Medium
35,7,5.48,10.0,3,Low,Medium,Medium
36,8,5.16,7.0,3,Low,Medium,High
37,8,5.84,4.0,1,Low,Medium,High
38,7,6.13,5.0,1,Low,Medium,Medium
39,6,6.48,6.0,1,Low,Medium,Medium
40,6,5.41,7.0,1,Low,Medium,Medium
41,7,4.98,8.0,2,Low,High,Medium
42,8,4.53,10.0,3,Low,High,Medium
43,8,5.47,11.0,2,Low,Medium,Medium
44,6,5.39,13.0,2,Low,Medium,Medium
45,7,5.68,3.0,2,Low,Medium,Medium
46,7,6.71,0.0,0,Low,Medium,Medium
47,7,7.7,0.0,0,Low,Medium,Medium
48,8,6.85,0.0,1,Low,Medium,Medium
49,8,7.18,0.0,0,Low,Medium,Medium
50,7,5.61,0.0,0,Low,Medium,Medium
51,8,5.59,0.0,1,Low,Medium,Medium
52,7,6.69,0.0,0,Low,Medium,Medium
53,6,7.22,0.0,0,Low,Medium,Medium
54,6,6.01,0.0,1,Low,Medium,Medium
55,6,6.54,0.0,0,Low,Medium,Medium
56,6,7.49,0.0,0,Low,Medium,Medium
57,7,6.93,1.0,2,Low,Medium,Medium
58,6,7.7,2.0,1,Low,Medium,Medium
59,6,8.65,3.0,1,Low,Medium,Medium
60,7,6.86,4.0,2,Low,Medium,Medium
61,7,7.3,5.0,1,Low,Medium,Medium
62,7,7.69,6.0,1,Low,Medium,Medium
63,8,7.0,7.0,2,Low,Medium,Medium
64,8,8.09,8.0,1,Low,Medium,Medium
65,8,9.26,9.0,1,Low,Medium,Medium
66,7,5.62,0.0,1,Low,Medium,Medium
67,7,6.52,0.0,0,Low,Medium,Medium
68,7,7.55,0.0,0,Low,Medium,Medium
69,7,8.48,0.0,0,Low,Medium,Medium
70,7,7.1,0.0,1,Low,Medium,High
71,6,6.68,0.0,0,Low,Medium,High
72,6,7.53,0.0,0,Low,Medium,Medium
73,6,7.09,0.0,0,Low,Medium,High
74,7,5.92,0.0,1,Low,Medium,High
75,7,4.51,0.0,1,Low,High,High
76,5,4.06,0.0,0,Low,High,High
77,4,5.08,0.0,0,Low,Medium,High
78,5,4.18,0.0,1,Low,High,High
79,5,4.55,1.0,1,Low,High,High
80,4,4.82,2.0,1,Low,High,High
81,5,3.81,3.0,2,Low,High,High
82,5,4.43,5.0,2,Low,High,High
83,5,4.68,7.0,2,Low,High,High
84,6,3.52,9.0,3,Low,High,High
85,5,3.68,7.0,1,Low,High,High
86,5,4.29,8.0,1,Low,High,High
87,5,3.57,9.0,1,Low,High,Medium
88,5,3.99,10.0,1,Low,High,Medium
89,5,4.02,11.0,1,Low,High,Medium
90,7,3.73,0.0,2,Low,High,Medium
91,6,3.7,0.0,0,Low,High,High
92,6,5.36,0.0,0,Low,Medium,High
93,7,6.0,0.0,1,Low,Medium,Medium
94,6,5.45,1.0,1,Low,Medium,Medium
95,5,5.28,0.0,0,Low,Medium,Medium
96,6,4.42,0.0,1,Low,High,Medium
97,6,4.86,1.0,1,Low,High,High
98,6,5.18,2.0,1,Low,Medium,Medium
99,7,5.0,0.0,1,Low,Medium,Medium
100,7,5.16,1.0,1,Low,Medium,Medium
101,7,5.15,0.0,0,Low,Medium,Medium
102,8,4.98,0.0,1,Low,High,Medium
103,7,5.55,0.0,0,Low,Medium,High
104,7,6.92,0.0,0,Low,Medium,High
105,8,6.12,0.0,1,Low,Medium,High
106,7,5.65,0.0,0,Low,Medium,High
107,7,5.13,0.0,0,Low,Medium,Medium
108,7,4.72,1.0,1,Low,High,Medium
109,7,4.33,2.0,1,Low,High,Medium
110,7,4.47,3.0,1,Low,High,Medium
111,8,4.18,1.0,2,Low,High,Medium
112,8,5.42,0.0,0,Low,Medium,Medium
113,8,6.6,0.0,0,Low,Medium,Medium
114,9,6.91,0.0,1,Low,Medium,Medium
115,8,7.39,1.0,1,Low,Medium,Medium
116,8,7.88,0.0,0,Low,Medium,Medium
117,8,8.34,0.0,1,Low,Medium,Medium
118,7,9.0,0.0,0,Low,Medium,Medium
119,7,10.0,0.0,0,Low,Medium,Medium
120,8,8.86,0.0,2,Low,Medium,Medium
121,6,11.57,0.0,0,Low,Medium,Medium
122,5,12.62,0.0,0,Low,Medium,Medium
123,6,11.19,0.0,1,Low,Medium,Medium
124,6,11.71,0.0,0,Low,Medium,Medium
125,6,11.66,0.0,0,Low,Medium,Medium
126,6,9.56,0.0,1,Low,Medium,Medium
127,6,10.25,0.0,0,Low,Medium,Medium
128,6,10.86,0.0,0,Low,Medium,Medium
129,7,9.29,0.0,1,Low,Medium,Medium
130,6,10.73,0.0,0,Low,Medium,Medium
131,6,11.4,0.0,0,Low,Medium,Medium
132,6,12.52,0.0,0,Low,Medium,Medium
133,6,12.61,0.0,0,Low,Medium,Medium
134,6,12.69,0.0,0,Low,Medium,Medium
135,7,11.36,0.0,1,Low,Medium,Medium
136,8,10.98,0.0,1,Low,Medium,Medium
137,6,9.84,0.0,0,Low,Medium,Medium
138,6,11.15,0.0,0,Low,Medium,Medium
139,7,10.41,0.0,1,Low,Medium,Medium
140,7,11.25,0.0,0,Low,Medium,Medium
141,6,10.4,0.0,1,Low,Medium,Medium
142,6,11.27,0.0,0,Low,Medium,Medium
143,6,10.76,0.0,0,Low,Medium,Medium
144,7,9.08,0.0,1,Low,Medium,Medium
145,7,9.09,1.0,1,Low,Medium,Medium
146,7,9.45,3.0,2,Low,Medium,Medium
147,8,8.68,2.0,2,Low,Medium,Medium
148,8,9.46,1.0,1,Low,Medium,Medium
149,8,10.24,0.0,0,Low,Medium,Medium
150,9,10.02,0.0,1,Low,Medium,Medium
151,9,11.3,0.0,0,Low,Medium,Medium
152,9,11.5,0.0,0,Low,Medium,Medium
153,10,10.36,0.0,1,Low,Medium,Medium
154,9,9.03,0.0,0,Low,Medium,Medium
155,9,8.74,0.0,0,Low,Medium,Medium
156,9,8.96,0.0,1,Low,Medium,Medium
157,8,10.12,0.0,0,Low,Medium,Medium
158,7,11.37,0.0,0,Low,Medium,Medium
159,8,9.71,0.0,1,Low,Medium,Medium
160,8,10.89,0.0,0,Low,Medium,Medium
161,8,12.04,0.0,0,Low,Medium,Medium
162,8,11.63,0.0,1,Low,Medium,Medium
163,7,11.6,0.0,0,Low,Medium,Medium
164,7,10.24,0.0,0,Low,Medium,Medium
165,8,8.3,2.0,3,Low,Medium,Medium
166,8,8.46,2.0,1,Low,Medium,Medium
167,8,8.36,3.0,1,Low,Medium,Medium
168,8,8.58,1.0,1,Low,Medium,Medium
169,8,8.25,0.0,0,Low,Medium,Medium
170,7,8.44,1.0,1,Low,Medium,Medium
171,9,6.81,2.0,3,Low,Medium,Medium
172,9,7.51,3.0,1,Low,Medium,Medium
173,9,8.53,4.0,1,Low,Medium,Medium
174,9,8.4,5.0,2,Low,Medium,Medium
175,9,9.12,6.0,1,Low,Medium,Medium
176,8,9.99,7.0,1,Low,Medium,Medium
177,8,11.05,0.0,0,Low,Medium,Medium
178,7,12.96,0.0,0,Low,Medium,Medium
179,7,13.02,0.0,0,Low,Medium,Medium
180,6,13.05,0.0,0,Low,Medium,Medium
181,5,14.49,0.0,0,Low,Medium,Medium
182,5,14.44,0.0,0,Low,Medium,Medium
183,6,11.71,1.0,2,Low,Medium,Medium
184,6,11.76,2.0,1,Low,Medium,Medium
185,6,12.01,3.0,1,Low,Medium,Medium
186,7,10.87,4.0,2,Low,Medium,Medium
187,7,11.47,5.0,1,Low,Medium,Medium
188,7,11.0,6.0,1,Low,Medium,Medium
189,6,7.64,7.0,2,Low,Medium,Medium
190,7,6.85,8.0,2,Low,Medium,Medium
191,7,5.66,10.0,2,Low,Medium,Medium
192,8,5.22,12.0,3,Low,Medium,Medium
193,8,5.9,11.0,1,Low,Medium,Medium
194,8,6.79,0.0,0,Low,Medium,Medium
195,8,7.81,0.0,0,Low,Medium,Medium
196,8,7.12,0.0,1,Low,Medium,Medium
197,8,7.38,0.0,0,Low,Medium,Medium
198,9,6.66,0.0,1,Low,Medium,Medium
199,9,7.75,0.0,0,Low,Medium,Medium
200,9,8.8,0.0,0,Low,Medium,Medium
201,9,9.6,0.0,0,Low,Medium,Medium
202,9,9.36,0.0,0,Low,Medium,Medium
203,9,8.06,0.0,2,Low,Medium,Medium
204,10,7.76,2.0,3,Low,Medium,Medium
205,10,8.02,3.0,2,Low,Medium,Medium
206,10,7.95,5.0,2,Low,Medium,Medium
207,10,8.84,4.0,1,Low,Medium,Medium
208,10,9.24,5.0,1,Low,Medium,Medium
209,10,9.74,6.0,1,Low,Medium,Medium
210,10,8.31,7.0,2,Low,Medium,Medium
211,10,8.54,8.0,1,Low,Medium,Medium
212,11,8.35,9.0,2,Low,Medium,Medium
213,11,7.86,10.0,2,Low,Medium,Medium
214,11,7.94,12.0,2,Low,Medium,Medium
215,9,7.64,14.0,2,Low,Medium,Medium
216,9,5.33,0.0,1,Low,Medium,Medium
217,9,5.38,0.0,0,Low,Medium,Medium
218,8,5.29,0.0,0,Low,Medium,Medium
219,9,5.24,0.0,1,Low,Medium,Medium
220,9,6.01,1.0,1,Low,Medium,Medium
221,9,6.81,0.0,0,Low,Medium,Medium
222,10,6.32,0.0,1,Low,Medium,Medium
223,10,6.38,1.0,1,Low,Medium,Medium
224,10,6.5,1.0,1,Low,Medium,Medium
225,9,6.23,2.0,2,Low,Medium,Medium
226,9,5.76,5.0,3,Low,Medium,Medium
227,9,5.52,6.0,2,Low,Medium,Medium
228,10,5.26,8.0,3,Low,Medium,Medium
229,10,6.1,4.0,1,Low,Medium,Medium
230,10,6.5,5.0,1,Low,Medium,Medium
231,10,7.29,0.0,1,Low,Medium,Medium
232,10,7.24,0.0,0,Low,Medium,Medium
233,8,7.62,0.0,0,Low,Medium,Medium
234,9,5.7,0.0,1,Low,Medium,Medium
235,9,6.33,1.0,1,Low,Medium,Medium
236,9,6.93,2.0,1,Low,Medium,Medium
237,9,7.79,1.0,1,Low,Medium,Medium
238,9,8.78,2.0,1,Low,Medium,Medium
239,9,10.39,0.0,0,Low,Medium,Medium
240,10,10.79,0.0,1,Low,Medium,Medium
241,11,11.0,0.0,1,Low,Medium,Medium
242,11,12.36,0.0,0,Low,Medium,Medium
243,11,12.61,0.0,1,Low,Medium,Medium
244,10,13.33,0.0,0,Low,Medium,Medium
245,10,13.72,0.0,0,Low,Medium,Medium
246,11,12.76,0.0,1,Low,Medium,Medium
247,11,12.94,0.0,0,Low,Medium,Medium
248,9,12.18,0.0,0,Low,Medium,Medium
249,10,10.99,0.0,1,Low,Medium,Medium
250,10,11.27,0.0,0,Low,Medium,Medium
251,10,11.62,0.0,0,Low,Medium,Medium
252,8,8.8,0.0,1,Low,Medium,Medium
253,8,9.62,1.0,1,Low,Medium,Medium
254,8,10.38,2.0,1,Low,Medium,Medium
255,9,9.54,0.0,1,Low,Medium,Medium
256,9,10.32,0.0,0,Low,Medium,Medium
257,9,11.11,2.0,2,Low,Medium,Medium
258,8,10.87,2.0,1,Low,Medium,Medium
259,9,10.85,3.0,2,Low,Medium,Medium
260,7,12.38,5.0,2,Low,Medium,Medium
261,8,12.06,0.0,1,Low,Medium,Medium
262,7,13.94,0.0,0,Low,Medium,Medium
263,6,13.54,0.0,0,Low,Medium,Medium
264,6,13.11,0.0,0,Low,Medium,Medium
265,6,13.38,0.0,0,Low,Medium,Medium
266,5,14.9,0.0,0,Low,Medium,Medium
267,7,10.18,0.0,2,Low,Medium,Medium
268,7,9.68,0.0,0,Low,Medium,Medium
269,6,6.49,0.0,0,Low,Medium,Medium
270,7,6.78,0.0,1,Low,Medium,Medium
271,6,6.61,1.0,1,Low,Medium,Medium
272,6,7.0,0.0,0,Low,Medium,Medium
273,5,7.93,0.0,0,Low,Medium,Medium
274,5,8.56,0.0,0,Low,Medium,Medium
275,5,9.44,0.0,0,Low,Medium,Medium
276,5,7.05,0.0,1,Low,Medium,Medium
277,5,8.43,0.0,0,Low,Medium,Medium
278,5,9.54,0.0,0,Low,Medium,Medium
279,6,8.8,0.0,1,Low,Medium,Medium
280,7,8.57,0.0,1,Low,Medium,Medium
281,6,9.88,0.0,0,Low,Medium,Medium
282,6,8.5,0.0,1,Low,Medium,Medium
283,6,8.57,0.0,0,Low,Medium,Medium
284,6,8.43,0.0,0,Low,Medium,Medium
285,7,7.77,1.0,2,Low,Medium,Medium
286,7,8.8,0.0,0,Low,Medium,Medium
287,7,9.77,0.0,0,Low,Medium,Medium
288,7,9.34,0.0,0,Low,Medium,Medium
289,7,9.22,1.0,1,Low,Medium,Medium
290,7,6.98,2.0,2,Low,Medium,Medium
291,8,6.82,3.0,2,Low,Medium,Medium
292,7,7.44,0.0,0,Low,Medium,Medium
293,7,7.97,0.0,0,Low,Medium,Medium
294,8,7.67,0.0,1,Low,Medium,Medium
295,6,6.59,0.0,0,Low,Medium,Medium
296,6,6.27,1.0,1,Low,Medium,Medium
297,7,5.95,2.0,2,Low,Medium,Medium
298,7,6.04,4.0,2,Low,Medium,Medium
299,7,6.81,6.0,2,Low,Medium,Medium
300,8,6.63,8.0,3,Low,Medium,Medium
301,8,7.24,11.0,3,Low,Medium,Medium
302,7,6.6,14.0,3,Low,Medium,Medium
303,7,6.18,17.0,3,Low,Medium,Medium
304,7,6.37,20.0,3,Low,Medium,Medium
305,6,5.73,24.0,4,Low,Medium,Medium
306,6,6.0,28.0,4,Low,Medium,Medium
307,6,5.84,32.0,4,Low,Medium,Medium
308,6,5.85,36.0,4,Low,Medium,Medium
309,6,5.98,40.0,4,Low,Medium,Medium
310,6,5.88,44.0,4,Low,Medium,Medium
311,6,5.89,48.0,4,Low,Medium,Medium
312,7,5.13,52.0,5,Low,Medium,Medium
313,7,5.31,56.0,4,Low,Medium,High
314,7,5.58,60.0,4,Low,Medium,Medium
315,8,5.1,64.0,5,Low,Medium,Medium
316,8,5.07,68.0,4,Low,Medium,Medium
317,8,5.25,72.0,4,Low,Medium,Medium
318,9,4.96,76.0,5,Low,High,High
319,9,5.5,80.0,4,Low,Medium,High
320,9,5.97,84.0,4,Low,Medium,High
321,9,5.84,88.0,4,Low,Medium,High
322,9,5.1,92.0,4,Low,Medium,High
323,9,4.83,97.0,5,Low,High,High
324,10,4.34,102.0,6,Low,High,High
325,10,4.54,107.0,5,Low,High,High
326,10,4.45,112.0,5,Low,High,Medium
327,11,4.2,117.0,6,Low,High,Medium
328,11,4.49,122.0,5,Low,High,High
329,11,4.55,127.0,5,Low,High,Medium
330,12,4.35,132.0,6,Low,High,High
331,11,5.03,101.0,4,Low,Medium,High
332,11,5.4,70.0,3,Low,Medium,High
333,10,4.72,44.0,2,Low,High,Medium
334,9,5.63,0.0,0,Low,Medium,Medium
335,10,4.78,0.0,1,Low,High,Medium
336,11,4.8,0.0,2,Low,High,Medium
337,11,4.96,2.0,2,Low,High,Medium
338,11,5.45,2.0,1,Low,Medium,Medium
339,12,5.48,4.0,3,Low,Medium,Medium
340,13,5.72,6.0,3,Low,Medium,Medium
341,11,6.26,9.0,3,Low,Medium,Medium
342,11,5.97,6.0,3,Low,Medium,Medium
343,11,6.35,3.0,1,Low,Medium,Medium
344,11,6.77,4.0,1,Low,Medium,Medium
345,11,7.53,5.0,1,Low,Medium,Medium
346,11,7.62,6.0,1,Low,Medium,Medium
347,11,7.57,7.0,2,Low,Medium,Medium
348,12,7.2,8.0,2,Low,Medium,Medium
349,12,7.89,9.0,1,Low,Medium,Medium
350,12,8.24,0.0,0,Low,Medium,Medium
351,12,8.01,0.0,0,Low,Medium,Medium
352,12,7.55,0.0,0,Low,Medium,High
353,13,7.04,1.0,2,Low,Medium,Medium
354,13,7.27,2.0,1,Low,Medium,High
355,12,6.31,4.0,2,Low,Medium,High
356,11,5.86,2.0,1,Low,Medium,High
357,13,4.75,0.0,2,Low,High,High
358,12,5.2,1.0,1,Low,Medium,High
359,12,4.63,4.0,3,Low,High,High
360,12,4.92,7.0,3,Low,High,Medium
361,12,3.5,11.0,5,Low,High,Medium
362,12,3.76,17.0,6,Low,High,Medium
363,13,3.78,16.0,5,Low,High,Medium
364,13,4.88,16.0,3,Low,High,Medium
365,12,5.66,15.0,2,Low,Medium,Medium
366,12,5.91,17.0,3,Low,Medium,Medium
367,12,6.11,9.0,1,Low,Medium,Medium
368,12,6.59,1.0,1,Low,Medium,Medium
369,12,7.47,2.0,1,Low,Medium,Medium
370,13,7.16,4.0,3,Low,Medium,Medium
371,13,7.48,6.0,2,Low,Medium,Medium
372,12,8.16,10.0,4,Low,Medium,Medium
373,12,8.09,14.0,4,Low,Medium,Medium
374,12,7.78,15.0,3,Low,Medium,Medium
375,12,7.27,18.0,4,Low,Medium,Medium
376,11,8.08,21.0,3,Low,Medium,Medium
377,11,8.71,24.0,3,Low,Medium,Medium
378,13,8.06,16.0,4,Low,Medium,Medium
379,13,8.68,9.0,2,Low,Medium,Medium
380,12,8.75,1.0,1,Low,Medium,Medium
381,13,7.45,3.0,4,Low,Medium,Medium
382,13,7.61,5.0,2,Low,Medium,Medium
383,12,7.74,4.0,2,Low,Medium,Medium
384,13,7.49,2.0,2,Low,Medium,Medium
385,13,7.51,1.0,1,Low,Medium,Medium
386,13,7.67,1.0,1,Low,Medium,Medium
387,13,7.1,3.0,3,Low,Medium,Medium
388,13,7.14,4.0,3,Low,Medium,Medium
389,14,6.26,7.0,4,Low,Medium,Medium
390,14,6.4,12.0,5,Low,Medium,Medium
391,13,6.84,18.0,6,Low,Medium,Medium
392,12,6.09,24.0,6,Low,Medium,Medium
393,13,6.37,24.0,6,Low,Medium,Medium
394,13,6.57,24.0,4,Low,Medium,Medium
395,13,6.49,17.0,2,Low,Medium,Medium
396,14,6.22,11.0,3,Low,Medium,Medium
397,13,7.46,14.0,3,Low,Medium,Medium
398,13,7.93,18.0,4,Low,Medium,Medium
399,15,6.98,22.0,6,Low,Medium,Medium
400,15,7.06,28.0,6,Low,Medium,Medium
401,15,7.81,17.0,4,Low,Medium,Medium
402,15,8.59,14.0,3,Low,Medium,Medium
403,15,9.16,10.0,2,Low,Medium,Medium
404,14,8.43,6.0,2,Low,Medium,Medium
405,14,8.31,8.0,3,Low,Medium,Medium
406,13,8.7,5.0,3,Low,Medium,Medium
407,12,9.17,4.0,2,Low,Medium,Medium
408,13,8.61,3.0,2,Low,Medium,Medium
409,13,8.8,4.0,1,Low,Medium,Medium
410,12,8.91,5.0,1,Low,Medium,Medium
411,13,7.84,6.0,3,Low,Medium,Medium
412,11,8.07,7.0,1,Low,Medium,Medium
413,11,8.74,0.0,0,Low,Medium,Medium
414,12,7.86,0.0,1,Low,Medium,Medium
415,11,8.04,0.0,0,Low,Medium,Medium
416,10,6.75,2.0,2,Low,Medium,Medium
417,11,5.89,4.0,3,Low,Medium,Medium
418,11,6.22,7.0,3,Low,Medium,Medium
419,11,6.64,7.0,3,Low,Medium,Medium
420,11,5.68,10.0,4,Low,Medium,Medium
421,11,6.09,11.0,3,Low,Medium,Medium
422,11,7.09,12.0,2,Low,Medium,Medium
423,10,7.49,14.0,3,Low,Medium,Medium
424,8,7.89,16.0,2,Low,Medium,Medium
425,8,8.34,8.0,1,Low,Medium,Medium
426,9,8.14,0.0,1,Low,Medium,Medium
427,9,8.8,0.0,0,Low,Medium,Medium
428,9,9.21,0.0,0,Low,Medium,High
429,9,7.62,0.0,1,Low,Medium,High
430,8,8.23,1.0,1,Low,Medium,High
431,8,8.75,3.0,2,Low,Medium,Medium
432,7,5.19,5.0,3,Low,Medium,Medium
433,6,3.8,7.0,2,Low,High,Medium
434,6,4.22,9.0,2,Low,High,Medium
435,7,4.51,11.0,3,Low,High,Medium
436,7,5.66,13.0,2,Low,Medium,Medium
437,6,6.27,7.0,1,Low,Medium,Medium
438,7,6.62,0.0,1,Low,Medium,Medium
439,7,7.34,1.0,1,Low,Medium,Medium
440,7,7.65,2.0,1,Low,Medium,Medium
441,7,7.25,3.0,1,Low,Medium,Medium
442,7,7.3,4.0,1,Low,Medium,Medium
443,7,7.25,5.0,1,Low,Medium,Medium
444,8,6.29,6.0,2,Low,Medium,Medium
445,8,7.17,7.0,1,Low,Medium,Medium
446,8,7.64,8.0,1,Low,Medium,Medium
447,8,8.17,9.0,1,Low,Medium,Medium
448,7,8.97,10.0,1,Low,Medium,Medium
449,7,10.03,11.0,1,Low,Medium,Medium
450,8,9.19,0.0,1,Low,Medium,Medium
451,7,10.14,1.0,1,Low,Medium,Medium
452,8,9.26,0.0,1,Low,Medium,Medium
453,8,10.58,0.0,0,Low,Medium,Medium
454,9,10.28,0.0,1,Low,Medium,Medium
455,9,10.85,1.0,1,Low,Medium,Medium
456,9,10.15,0.0,1,Low,Medium,Medium
457,10,9.08,0.0,1,Low,Medium,Medium
458,10,9.54,1.0,1,Low,Medium,Medium
459,10,9.75,0.0,1,Low,Medium,Medium
460,10,10.13,0.0,0,Low,Medium,Medium
461,10,10.78,0.0,0,Low,Medium,Medium
462,11,10.07,0.0,1,Low,Medium,Medium
463,11,10.48,1.0,1,Low,Medium,Medium
464,10,11.4,2.0,1,Low,Medium,Medium
465,11,10.65,0.0,1,Low,Medium,Medium
466,11,10.73,0.0,0,Low,Medium,Medium
467,9,10.64,0.0,0,Low,Medium,Medium
468,10,9.73,0.0,1,Low,Medium,Medium
469,9,9.58,0.0,0,Low,Medium,Medium
470,9,9.51,1.0,1,Low,Medium,Medium
471,9,9.01,0.0,1,Low,Medium,Medium
472,9,9.74,0.0,0,Low,Medium,Medium
473,9,9.93,0.0,0,Low,Medium,Medium
474,9,10.91,0.0,0,Low,Medium,Medium
475,8,11.6,1.0,1,Low,Medium,Medium
476,8,11.82,0.0,0,Low,Medium,Medium
477,9,9.9,0.0,1,Low,Medium,Medium
478,9,9.98,0.0,0,Low,Medium,Medium
479,8,9.15,0.0,0,Low,Medium,Medium
480,9,8.33,0.0,1,Low,Medium,Medium
481,9,9.05,1.0,1,Low,Medium,Medium
482,9,9.62,2.0,1,Low,Medium,Medium
483,10,9.08,0.0,1,Low,Medium,Medium
484,10,9.92,0.0,0,Low,Medium,Medium
485,10,10.23,0.0,0,Low,Medium,Medium
486,10,10.54,0.0,0,Low,Medium,Medium
487,10,9.6,2.0,2,Low,Medium,Medium
488,10,9.25,2.0,1,Low,Medium,Medium
489,10,8.25,3.0,2,Low,Medium,Medium
490,10,8.12,4.0,1,Low,Medium,Medium
491,10,6.21,5.0,2,Low,Medium,Medium
492,9,7.18,6.0,2,Low,Medium,Medium
493,10,7.02,0.0,1,Low,Medium,Medium
494,9,6.01,0.0,0,Low,Medium,Medium
495,10,6.6,0.0,1,Low,Medium,Medium
496,9,7.9,0.0,0,Low,Medium,Medium
497,8,9.1,0.0,0,Low,Medium,Medium
498,9,8.86,0.0,1,Low,Medium,Medium
499,9,9.65,0.0,0,Low,Medium,Medium
500,8,10.36,0.0,0,Low,Medium,Medium
501,8,10.06,0.0,1,Low,Medium,Medium
502,7,11.48,0.0,0,Low,Medium,Medium
503,7,11.94,0.0,0,Low,Medium,Medium
504,8,11.21,0.0,1,Low,Medium,Medium
505,7,11.41,0.0,0,Low,Medium,Medium
506,6,12.62,0.0,0,Low,Medium,Medium
507,7,11.42,0.0,1,Low,Medium,Medium
508,7,11.9,0.0,0,Low,Medium,Medium
509,7,12.62,0.0,0,Low,Medium,Medium
510,8,11.06,0.0,1,Low,Medium,Medium
511,8,11.86,0.0,0,Low,Medium,Medium
512,7,13.13,0.0,0,Low,Medium,Medium
513,8,11.98,0.0,1,Low,Medium,Medium
514,7,10.64,0.0,0,Low,Medium,Medium
515,7,11.09,0.0,0,Low,Medium,Medium
516,8,10.13,0.0,1,Low,Medium,Medium
517,8,10.64,0.0,0,Low,Medium,Medium
518,8,10.56,0.0,0,Low,Medium,Medium
519,9,9.65,0.0,1,Low,Medium,Medium
520,9,10.56,0.0,0,Low,Medium,Medium
521,9,11.87,0.0,0,Low,Medium,Medium
522,8,12.21,0.0,0,Low,Medium,Medium
523,8,11.54,0.0,0,Low,Medium,Medium
524,8,10.73,1.0,1,Low,Medium,Medium
525,9,9.69,3.0,3,Low,Medium,Medium
526,10,8.91,5.0,3,Low,Medium,Medium
527,10,9.27,8.0,3,Low,Medium,Medium
528,9,8.33,9.0,3,Low,Medium,Medium
529,8,8.31,11.0,2,Low,Medium,Medium
530,8,8.13,0.0,0,Low,Medium,Medium
531,8,7.93,0.0,0,Low,Medium,Medium
532,8,7.57,0.0,0,Low,Medium,Medium
533,8,6.35,1.0,1,Low,Medium,Medium
534,9,5.09,0.0,1,Low,Medium,Medium
535,9,5.94,1.0,1,Low,Medium,Medium
536,9,5.7,3.0,2,Low,Medium,Medium
537,10,5.63,6.0,4,Low,Medium,Medium
538,10,6.12,9.0,3,Low,Medium,Medium
539,10,6.54,13.0,4,Low,Medium,Medium
540,10,6.27,13.0,4,Low,Medium,Medium
541,10,7.01,16.0,3,Low,Medium,Medium
542,10,7.46,19.0,3,Low,Medium,Medium
543,11,6.56,22.0,4,Low,Medium,Medium
544,11,7.06,25.0,3,Low,Medium,Medium
545,11,7.24,29.0,4,Low,Medium,Medium
546,12,7.06,34.0,6,Low,Medium,Medium
547,12,7.76,39.0,5,Low,Medium,Medium
548,12,8.05,44.0,5,Low,Medium,Medium
549,12,7.14,45.0,5,Low,Medium,Medium
550,12,6.93,49.0,4,Low,Medium,Medium
551,12,6.71,53.0,4,Low,Medium,Medium
552,13,5.93,57.0,5,Low,Medium,Medium
553,13,5.98,61.0,4,Low,Medium,Medium
554,13,5.95,66.0,5,Low,Medium,Medium
555,13,6.07,71.0,5,Low,Medium,Medium
556,13,6.36,76.0,5,Low,Medium,Medium
557,13,6.54,81.0,5,Low,Medium,Medium
558,13,5.53,86.0,6,Low,Medium,Medium
559,13,6.28,91.0,5,Low,Medium,Medium
560,13,6.86,96.0,5,Low,Medium,Medium
561,13,6.86,101.0,6,Low,Medium,Medium
562,13,7.4,106.0,5,Low,Medium,Medium
563,13,7.22,111.0,6,Low,Medium,Medium
564,14,7.35,116.0,6,Low,Medium,Medium
565,13,8.03,90.0,4,Low,Medium,Medium
566,13,8.44,66.0,3,Low,Medium,Medium
567,14,8.61,46.0,3,Low,Medium,Medium
568,14,9.33,0.0,0,Low,Medium,Medium
569,13,10.35,0.0,0,Low,Medium,Medium
570,15,8.87,0.0,2,Low,Medium,Medium
571,15,9.32,1.0,1,Low,Medium,Medium
572,15,9.29,0.0,0,Low,Medium,Medium
573,15,8.83,1.0,2,Low,Medium,Medium
574,14,7.81,3.0,2,Low,Medium,Medium
575,13,7.63,5.0,2,Low,Medium,Medium
576,13,5.81,9.0,5,Low,Medium,Medium
577,12,5.31,9.0,5,Low,Medium,Medium
578,12,5.56,11.0,4,Low,Medium,Medium
579,13,5.39,16.0,6,Low,Medium,Medium
580,13,6.21,20.0,5,Low,Medium,High
581,13,6.45,25.0,5,Low,Medium,High
582,12,5.88,27.0,4,Low,Medium,High
583,11,5.46,31.0,4,Low,Medium,High
584,11,5.16,35.0,4,Low,Medium,High
585,12,4.41,40.0,6,Low,High,High
586,11,4.58,45.0,5,Low,High,High
587,11,4.31,50.0,5,Low,High,High
588,12,3.72,55.0,6,Low,High,High
589,12,4.19,45.0,5,Low,High,High
590,12,4.78,37.0,5,Low,High,Medium
591,13,4.79,39.0,5,Low,High,Medium
592,13,4.61,44.0,5,Low,High,Medium
593,13,4.7,49.0,5,Low,High,Medium
594,14,4.67,54.0,6,Low,High,Medium
595,14,5.29,59.0,5,Low,Medium,Medium
596,14,5.63,64.0,5,Low,Medium,Medium
597,13,5.58,69.0,5,Low,Medium,Medium
598,13,5.53,52.0,4,Low,Medium,Medium
599,13,6.07,41.0,3,Low,Medium,Medium
600,13,6.74,44.0,3,Low,Medium,Medium
601,13,6.92,47.0,3,Low,Medium,Medium
602,13,7.11,51.0,4,Low,Medium,Medium
603,13,6.7,53.0,4,Low,Medium,Medium
604,13,7.3,56.0,3,Low,Medium,Medium
605,12,7.67,59.0,3,Low,Medium,Medium
606,12,7.9,32.0,2,Low,Medium,Medium
607,12,8.49,16.0,1,Low,Medium,Medium
608,11,8.86,17.0,1,Low,Medium,Medium
609,11,9.65,0.0,0,Low,Medium,Medium
610,11,10.1,0.0,1,Low,Medium,Medium
611,12,9.34,1.0,2,Low,Medium,Medium
612,12,8.0,2.0,2,Low,Medium,Medium
613,12,8.91,0.0,0,Low,Medium,Medium
614,11,9.16,0.0,1,Low,Medium,Medium
615,12,9.48,0.0,1,Low,Medium,Medium
616,10,10.43,0.0,0,Low,Medium,High
617,10,10.18,0.0,1,Low,Medium,High
618,10,8.58,0.0,1,Low,Medium,High
619,10,8.57,0.0,0,Low,Medium,High
620,9,7.45,0.0,0,Low,Medium,Medium
621,8,3.27,0.0,1,Low,High,Medium
622,8,4.08,0.0,0,Low,High,Medium
623,7,4.87,0.0,0,Low,High,Medium
624,7,4.47,0.0,1,Low,High,Medium
625,7,5.37,0.0,0,Low,Medium,Medium
626,7,5.88,0.0,0,Low,Medium,Medium
627,7,5.55,0.0,1,Low,Medium,Medium
628,6,6.67,1.0,1,Low,Medium,Medium
629,6,7.0,2.0,1,Low,Medium,Medium
630,7,7.23,3.0,2,Low,Medium,Medium
631,7,8.47,4.0,1,Low,Medium,Medium
632,6,9.1,5.0,1,Low,Medium,Medium
633,7,8.61,0.0,1,Low,Medium,Medium
634,7,8.95,0.0,0,Low,Medium,Medium
635,5,10.27,0.0,0,Low,Medium,Medium
636,6,8.59,0.0,1,Low,Medium,Medium
637,7,8.15,0.0,1,Low,Medium,Medium
638,7,9.73,0.0,0,Low,Medium,Medium
639,7,8.97,0.0,1,Low,Medium,Medium
640,6,9.27,0.0,0,Low,Medium,Medium
641,6,10.15,0.0,0,Low,Medium,Medium
642,5,11.58,0.0,0,Low,Medium,Medium
643,4,11.45,0.0,0,Low,Medium,Medium
644,4,12.1,0.0,0,Low,Medium,Medium
645,5,9.4,0.0,1,Low,Medium,Medium
646,5,9.1,0.0,0,Low,Medium,Medium
647,6,8.6,0.0,1,Low,Medium,Medium
648,7,8.13,0.0,1,Low,Medium,Medium
649,7,9.53,0.0,0,Low,Medium,Medium
650,7,10.46,0.0,0,Low,Medium,Medium
651,8,10.04,0.0,1,Low,Medium,Medium
652,7,11.63,0.0,0,Low,Medium,Medium
653,7,12.25,0.0,0,Low,Medium,Medium
654,8,11.05,0.0,1,Low,Medium,Medium
655,8,11.43,1.0,1,Low,Medium,Medium
656,8,12.54,2.0,1,Low,Medium,Medium
657,9,11.11,3.0,2,Low,Medium,Medium
658,9,10.96,4.0,1,Low,Medium,Medium
659,9,11.29,5.0,1,Low,Medium,Medium
660,9,11.74,6.0,1,Low,Medium,Medium
661,9,10.63,7.0,1,Low,Medium,Medium
662,9,10.51,8.0,1,Low,Medium,Medium
663,9,9.57,0.0,1,Low,Medium,Medium
664,8,10.27,1.0,1,Low,Medium,Medium
665,9,9.54,0.0,1,Low,Medium,Medium
666,9,7.45,0.0,1,Low,Medium,Medium
667,8,9.09,0.0,0,Low,Medium,Medium
668,8,8.96,0.0,0,Low,Medium,Medium
669,8,9.17,0.0,0,Low,Medium,Medium
670,7,9.92,0.0,0,Low,Medium,Medium
671,7,9.7,0.0,0,Low,Medium,Medium
672,8,7.49,0.0,1,Low,Medium,Medium
673,8,7.1,1.0,1,Low,Medium,Medium
674,8,7.36,1.0,1,Low,Medium,Medium
675,9,7.0,2.0,2,Low,Medium,Medium
676,10,6.92,3.0,2,Low,Medium,Medium
677,8,7.61,5.0,2,Low,Medium,Medium
678,9,7.45,0.0,1,Low,Medium,Medium
679,7,8.54,0.0,0,Low,Medium,High
680,7,8.51,1.0,1,Low,Medium,High
681,7,8.06,3.0,2,Low,Medium,High
682,7,6.94,2.0,1,Low,Medium,High
683,7,6.2,4.0,2,Low,Medium,Medium
684,8,4.35,6.0,4,Low,High,Medium
685,8,4.93,8.0,2,Low,High,Medium
686,8,4.69,4.0,1,Low,High,Medium
687,9,4.78,5.0,2,Low,High,Medium
688,8,6.11,6.0,1,Low,Medium,Medium
689,8,7.18,7.0,1,Low,Medium,Medium
690,9,6.93,8.0,2,Low,Medium,Medium
691,9,7.57,0.0,0,Low,Medium,Medium
692,9,8.56,0.0,0,Low,Medium,Medium
693,8,9.92,0.0,0,Low,Medium,Medium
694,8,10.52,0.0,0,Low,Medium,Medium
695,8,10.47,0.0,0,Low,Medium,Medium
696,8,11.03,1.0,1,Low,Medium,Medium
697,8,11.81,2.0,1,Low,Medium,Medium
698,7,12.18,3.0,1,Low,Medium,Medium
699,9,9.62,4.0,3,Low,Medium,Medium
700,9,10.57,5.0,1,Low,Medium,Medium
701,9,11.32,6.0,1,Low,Medium,Medium
702,9,10.52,0.0,1,Low,Medium,Medium
703,8,11.84,0.0,0,Low,Medium,Medium
704,8,12.44,0.0,0,Low,Medium,Medium
705,8,10.38,0.0,1,Low,Medium,Medium
706,6,11.49,0.0,0,Low,Medium,Medium
707,6,12.29,0.0,0,Low,Medium,Medium
708,7,10.08,0.0,1,Low,Medium,Medium
709,7,10.57,0.0,0,Low,Medium,Medium
710,6,11.84,0.0,0,Low,Medium,Medium
711,7,10.46,0.0,1,Low,Medium,Medium
712,7,10.5,1.0,1,Low,Medium,Medium
713,7,10.79,2.0,1,Low,Medium,Medium
714,8,10.33,3.0,2,Low,Medium,Medium
715,8,11.52,4.0,1,Low,Medium,Medium
716,9,11.47,5.0,2,Low,Medium,Medium
717,10,11.3,7.0,3,Low,Medium,Low
718,9,12.45,7.0,1,Low,Medium,Medium
719,9,13.61,8.0,1,Low,Medium,Medium
720,10,12.91,0.0,1,Low,Medium,Medium
721,10,14.11,0.0,0,Low,Medium,Medium
722,10,15.36,0.0,0,Low,Low,Medium
723,11,14.78,0.0,1,Low,Medium,Medium
724,9,13.13,1.0,1,Low,Medium,Medium
725,9,12.68,0.0,0,Low,Medium,Medium
726,9,12.53,0.0,1,Low,Medium,Medium
727,9,13.1,0.0,0,Low,Medium,Medium
728,9,13.6,1.0,1,Low,Medium,Medium
729,9,14.11,2.0,2,Low,Medium,Medium
730,8,11.93,3.0,1,Low,Medium,Medium
731,8,11.86,4.0,1,Low,Medium,Medium
732,9,10.57,5.0,2,Low,Medium,Medium
733,9,11.05,6.0,1,Low,Medium,Medium
734,9,11.0,8.0,2,Low,Medium,Medium
735,9,11.71,0.0,0,Low,Medium,Medium
736,7,11.7,0.0,0,Low,Medium,Medium
737,6,14.23,0.0,0,Low,Medium,Low
738,6,12.88,0.0,2,Low,Medium,Low
739,6,13.62,0.0,0,Low,Medium,Medium
740,6,14.55,0.0,0,Low,Medium,Medium
741,7,13.12,0.0,1,Low,Medium,Medium
742,6,15.42,0.0,0,Low,Low,Medium
743,6,15.52,0.0,0,Low,Low,Medium
744,7,13.33,0.0,1,Low,Medium,Medium
745,7,14.02,0.0,0,Low,Medium,Medium
746,7,13.87,0.0,0,Low,Medium,Medium
747,7,13.35,0.0,1,Low,Medium,Medium
748,7,12.98,1.0,1,Low,Medium,Medium
749,7,13.21,2.0,1,Low,Medium,Medium
750,7,11.94,3.0,1,Low,Medium,Medium
751,7,11.34,4.0,1,Low,Medium,Medium
752,7,10.78,5.0,1,Low,Medium,Medium
753,7,9.32,6.0,2,Low,Medium,Medium
754,7,9.57,8.0,2,Low,Medium,Medium
755,8,8.28,8.0,2,Low,Medium,Medium
756,9,7.11,10.0,3,Low,Medium,Medium
757,8,8.15,11.0,2,Low,Medium,Medium
758,7,9.25,13.0,2,Low,Medium,Medium
759,8,8.41,15.0,3,Low,Medium,Medium
760,7,8.2,17.0,2,Low,Medium,Medium
761,7,8.76,19.0,2,Low,Medium,Medium
762,8,8.61,21.0,3,Low,Medium,Medium
763,7,9.54,23.0,2,Low,Medium,Medium
764,7,10.3,25.0,2,Low,Medium,Medium
765,8,9.12,27.0,3,Low,Medium,Medium
766,7,7.6,30.0,3,Low,Medium,Medium
767,7,7.84,33.0,3,Low,Medium,Medium
768,8,7.28,33.0,3,Low,Medium,Medium
769,8,7.24,35.0,2,Low,Medium,Medium
770,8,6.56,38.0,3,Low,Medium,Medium
771,8,5.99,41.0,4,Low,Medium,Medium
772,8,5.79,44.0,3,Low,Medium,High
773,8,6.18,47.0,3,Low,Medium,Medium
774,9,6.15,50.0,4,Low,Medium,High
775,9,5.89,53.0,3,Low,Medium,High
776,8,5.01,56.0,3,Low,Medium,High
777,9,4.77,59.0,4,Low,High,High
778,9,5.76,62.0,3,Low,Medium,High
779,7,2.85,65.0,3,Low,High,High
780,8,2.97,68.0,4,Low,High,High
781,8,2.75,71.0,3,Low,High,High
782,8,2.1,74.0,3,Low,High,High
783,9,2.08,42.0,4,Low,High,High
784,8,2.69,2.0,1,Low,High,High
785,8,2.98,1.0,1,Low,High,High
786,9,3.12,0.0,1,Low,High,Medium
787,9,3.66,0.0,0,Low,High,Medium
788,8,3.92,0.0,0,Low,High,Medium
789,8,3.96,0.0,1,Low,High,Medium
790,8,4.32,0.0,0,Low,High,Medium
791,8,5.95,0.0,0,Low,Medium,Medium
792,9,6.31,0.0,1,Low,Medium,Medium
793,8,7.19,0.0,0,Low,Medium,Medium
794,8,8.39,0.0,0,Low,Medium,Medium
795,9,8.38,0.0,1,Low,Medium,Medium
796,8,8.51,0.0,0,Low,Medium,Medium
797,8,9.49,1.0,1,Low,Medium,Medium
798,9,9.31,2.0,2,Low,Medium,Medium
799,9,10.22,3.0,1,Low,Medium,Medium
800,8,11.45,4.0,1,Low,Medium,Medium
801,9,10.66,0.0,1,Low,Medium,Medium
802,9,11.04,0.0,0,Low,Medium,Medium
803,9,11.81,0.0,0,Low,Medium,Medium
804,9,11.74,0.0,1,Low,Medium,Low
805,9,12.02,0.0,0,Low,Medium,Medium
806,9,12.59,0.0,0,Low,Medium,Medium
807,9,14.08,0.0,0,Low,Medium,Medium
808,8,14.96,0.0,0,Low,Medium,Medium
809,8,15.49,0.0,0,Low,Low,Medium
810,8,12.91,0.0,1,Low,Medium,Medium
811,8,14.1,0.0,0,Low,Medium,Low
812,8,14.85,0.0,0,Low,Medium,Low
813,9,12.56,0.0,2,Low,Medium,Low
814,9,13.7,0.0,0,Low,Medium,Medium
815,8,14.75,0.0,0,Low,Medium,Medium
816,8,15.47,0.0,0,Low,Low,Medium
817,8,15.86,0.0,0,Low,Low,Medium
818,7,17.45,0.0,0,Low,Low,Medium
819,9,14.01,0.0,2,Low,Medium,Medium
820,9,13.97,0.0,0,Low,Medium,Low
821,9,14.42,0.0,0,Low,Medium,Medium
822,10,13.42,0.0,1,Low,Medium,Low
823,10,14.3,0.0,0,Low,Medium,Medium
824,10,14.99,0.0,0,Low,Medium,Medium
825,9,15.91,0.0,0,Low,Low,Medium
826,10,14.93,0.0,1,Low,Medium,Medium
827,10,15.69,0.0,0,Low,Low,Medium
828,11,14.11,0.0,1,Low,Medium,Medium
829,11,13.64,1.0,1,Low,Medium,Medium
830,11,13.39,2.0,1,Low,Medium,Medium
831,12,12.59,3.0,2,Low,Medium,Medium
832,12,12.69,4.0,1,Low,Medium,Medium
833,12,13.02,5.0,1,Low,Medium,Medium
834,11,13.14,6.0,2,Low,Medium,Medium
835,10,12.34,7.0,1,Low,Medium,Medium
836,10,12.03,8.0,1,Low,Medium,Medium
837,11,10.96,9.0,2,Low,Medium,Medium
838,11,11.17,11.0,2,Low,Medium,Medium
839,10,10.78,14.0,3,Low,Medium,Medium
840,10,10.78,17.0,3,Low,Medium,Medium
841,9,8.24,20.0,4,Low,Medium,Medium
842,9,8.15,23.0,3,Low,Medium,Medium
843,9,8.27,26.0,3,Low,Medium,Medium
844,9,7.79,29.0,3,Low,Medium,Medium
845,9,7.35,32.0,3,Low,Medium,Medium
846,10,6.33,36.0,5,Low,Medium,Medium
847,10,6.27,40.0,4,Low,Medium,Medium
848,9,5.75,34.0,3,Low,Medium,High
849,9,6.31,33.0,2,Low,Medium,Medium
850,9,6.41,35.0,2,Low,Medium,Medium
851,10,5.46,37.0,3,Low,Medium,Medium
852,10,5.12,0.0,0,Low,Medium,Medium
853,10,4.77,0.0,1,Low,High,Medium
854,10,5.18,1.0,1,Low,Medium,Medium
855,10,6.29,2.0,1,Low,Medium,Medium
856,10,6.39,1.0,1,Low,Medium,Medium
857,10,6.95,2.0,2,Low,Medium,Medium
858,10,7.07,3.0,2,Low,Medium,Medium
859,10,7.84,4.0,1,Low,Medium,Medium
860,10,7.6,5.0,1,Low,Medium,Medium
861,10,7.38,6.0,2,Low,Medium,Medium
862,10,8.18,0.0,0,Low,Medium,Medium
863,10,9.25,0.0,0,Low,Medium,Medium
864,11,9.3,0.0,1,Low,Medium,Medium
865,10,9.56,1.0,1,Low,Medium,Medium
866,10,10.34,2.0,1,Low,Medium,Medium
867,9,10.46,3.0,1,Low,Medium,Medium
868,9,11.23,1.0,1,Low,Medium,Medium
869,8,9.74,2.0,2,Low,Medium,Medium
870,9,8.44,4.0,3,Low,Medium,Medium
871,10,7.83,0.0,1,Low,Medium,Medium
872,10,8.34,0.0,0,Low,Medium,Medium
873,10,8.16,0.0,1,Low,Medium,Medium
874,10,8.46,0.0,0,Low,Medium,Medium
875,10,8.49,0.0,0,Low,Medium,Medium
876,11,7.55,1.0,2,Low,Medium,Medium
877,11,8.0,1.0,1,Low,Medium,Medium
878,11,8.42,2.0,1,Low,Medium,Medium
879,11,9.01,3.0,1,Low,Medium,Medium
880,10,8.81,4.0,1,Low,Medium,Medium
881,9,7.77,0.0,0,Low,Medium,Medium
882,10,7.19,0.0,1,Low,Medium,Medium
883,9,8.22,0.0,0,Low,Medium,Medium
884,8,7.8,0.0,0,Low,Medium,Medium
885,8,7.36,0.0,1,Low,Medium,Medium
886,7,7.67,1.0,1,Low,Medium,Medium
887,7,7.6,0.0,0,Low,Medium,Medium
888,9,6.14,1.0,3,Low,Medium,Medium
889,8,6.15,3.0,2,Low,Medium,Medium
890,7,5.06,5.0,2,Low,Medium,Medium
891,8,5.09,4.0,2,Low,Medium,Medium
892,8,6.0,5.0,1,Low,Medium,Medium
893,8,5.85,6.0,1,Low,Medium,Medium
894,8,6.4,7.0,1,Low,Medium,Medium
895,7,5.23,8.0,2,Low,Medium,Medium
896,6,5.19,9.0,1,Low,Medium,Medium
897,7,5.59,10.0,2,Low,Medium,Medium
898,6,6.71,0.0,0,Low,Medium,Medium
899,6,7.26,0.0,0,Low,Medium,Medium
900,7,7.12,0.0,1,Low,Medium,Medium
901,7,7.91,0.0,0,Low,Medium,Medium
902,7,8.71,1.0,1,Low,Medium,Medium
903,7,9.52,2.0,1,Low,Medium,Medium
904,7,9.24,3.0,1,Low,Medium,Medium
905,7,8.74,0.0,0,Low,Medium,Medium
906,8,7.81,0.0,1,Low,Medium,Medium
907,8,8.29,0.0,0,Low,Medium,Medium
908,8,8.35,0.0,0,Low,Medium,Medium
909,9,7.69,0.0,1,Low,Medium,Medium
910,8,5.98,0.0,0,Low,Medium,Medium
911,8,6.51,0.0,0,Low,Medium,Medium
912,9,6.43,0.0,1,Low,Medium,Medium
913,9,7.26,0.0,0,Low,Medium,Medium
914,9,8.15,0.0,0,Low,Medium,Medium
915,9,9.21,0.0,0,Low,Medium,Medium
916,9,8.9,0.0,1,Low,Medium,Medium
917,9,9.71,1.0,1,Low,Medium,Medium
918,10,8.82,0.0,1,Low,Medium,Medium
919,10,9.67,0.0,0,Low,Medium,Medium
920,10,10.59,0.0,0,Low,Medium,Medium
921,11,9.64,0.0,2,Low,Medium,Medium
922,10,9.48,0.0,0,Low,Medium,Medium
923,10,10.21,0.0,0,Low,Medium,Medium
924,11,9.82,0.0,1,Low,Medium,Medium
925,10,10.49,0.0,0,Low,Medium,Medium
926,9,10.46,0.0,0,Low,Medium,Medium
927,10,9.58,1.0,2,Low,Medium,Medium
928,10,9.99,0.0,0,Low,Medium,Medium
929,9,9.22,0.0,0,Low,Medium,Medium
930,10,7.94,0.0,1,Low,Medium,Medium
931,9,9.16,0.0,0,Low,Medium,Medium
932,8,9.43,0.0,0,Low,Medium,Medium
933,8,6.82,0.0,1,Low,Medium,Medium
934,8,7.45,0.0,0,Low,Medium,Medium
935,8,7.64,0.0,0,Low,Medium,Medium
936,7,6.03,0.0,0,Low,Medium,Medium
937,7,7.4,0.0,0,Low,Medium,Medium
938,7,7.91,0.0,0,Low,Medium,Medium
939,7,7.3,0.0,1,Low,Medium,Medium
940,7,8.1,2.0,2,Low,Medium,Medium
941,5,8.97,2.0,1,Low,Medium,Medium
942,6,8.28,3.0,2,Low,Medium,Medium
943,6,9.26,0.0,0,Low,Medium,Medium
944,6,10.46,0.0,0,Low,Medium,Medium
945,8,7.67,0.0,2,Low,Medium,Medium
946,7,9.91,0.0,0,Low,Medium,Medium
947,7,10.45,0.0,0,Low,Medium,Medium
948,8,8.81,0.0,1,Low,Medium,Medium
949,8,9.31,0.0,0,Low,Medium,Medium
950,8,10.37,0.0,0,Low,Medium,Medium
951,6,11.56,0.0,1,Low,Medium,Medium
952,6,12.61,0.0,0,Low,Medium,Medium
953,5,10.0,0.0,0,Low,Medium,Medium
954,6,8.0,0.0,1,Low,Medium,Medium
955,6,8.15,0.0,0,Low,Medium,Medium
956,6,9.39,0.0,0,Low,Medium,Medium
957,7,7.92,0.0,1,Low,Medium,Medium
958,7,8.78,0.0,0,Low,Medium,Medium
959,7,8.74,0.0,0,Low,Medium,Medium
960,8,8.3,1.0,2,Low,Medium,Medium
961,8,8.74,2.0,1,Low,Medium,Medium
962,7,9.57,3.0,1,Low,Medium,Medium
963,8,8.95,4.0,2,Low,Medium,Medium
964,8,9.34,5.0,1,Low,Medium,Medium
965,8,9.38,6.0,1,Low,Medium,Medium
966,9,8.29,7.0,2,Low,Medium,Medium
967,9,8.87,0.0,0,Low,Medium,Medium
968,9,8.98,0.0,0,Low,Medium,Medium
969,9,8.36,0.0,1,Low,Medium,Medium
970,9,9.32,0.0,0,Low,Medium,Medium
971,9,9.9,0.0,0,Low,Medium,Medium
972,7,8.22,0.0,0,Low,Medium,Medium
973,8,7.46,0.0,1,Low,Medium,Medium
974,8,7.0,0.0,0,Low,Medium,Medium
975,8,6.54,0.0,1,Low,Medium,Medium
976,7,8.22,0.0,0,Low,Medium,Medium
977,6,9.14,0.0,0,Low,Medium,Medium
978,6,7.24,0.0,1,Low,Medium,Medium
979,6,8.6,0.0,0,Low,Medium,Medium
980,6,9.15,0.0,0,Low,Medium,Medium
981,7,9.03,0.0,1,Low,Medium,Medium
982,6,10.37,0.0,0,Low,Medium,Medium
983,5,8.09,0.0,0,Low,Medium,Medium
984,6,6.54,0.0,1,Low,Medium,Medium
985,5,7.5,0.0,0,Low,Medium,Medium
986,5,8.39,0.0,0,Low,Medium,Medium
987,6,6.58,0.0,1,Low,Medium,Medium
988,6,6.92,1.0,1,Low,Medium,Medium
989,6,7.69,2.0,1,Low,Medium,Medium
990,7,7.66,0.0,1,Low,Medium,Medium
991,7,7.95,0.0,0,Low,Medium,Medium
992,7,8.77,0.0,0,Low,Medium,Medium
993,8,8.31,1.0,2,Low,Medium,Medium
994,8,9.18,2.0,1,Low,Medium,Medium
